[{"model": "admin.logentry", "pk": 1, "fields": {"action_time": "2024-02-10T17:51:18.878Z", "user": 11, "content_type": 13, "object_id": "7", "object_repr": "UserProfile object (7)", "action_flag": 2, "change_message": "[{\"changed\": {\"fields\": [\"\\u0410\\u0432\\u0430\\u0442\\u0430\\u0440\"]}}]"}}, {"model": "admin.logentry", "pk": 2, "fields": {"action_time": "2024-02-10T17:52:59.576Z", "user": 11, "content_type": 13, "object_id": "10", "object_repr": "UserProfile object (10)", "action_flag": 2, "change_message": "[{\"changed\": {\"fields\": [\"\\u0410\\u0432\\u0430\\u0442\\u0430\\u0440\"]}}]"}}, {"model": "admin.logentry", "pk": 3, "fields": {"action_time": "2024-02-10T17:59:01.742Z", "user": 11, "content_type": 13, "object_id": "9", "object_repr": "UserProfile object (9)", "action_flag": 2, "change_message": "[{\"changed\": {\"fields\": [\"Social links\"]}}]"}}, {"model": "auth.permission", "pk": 1, "fields": {"name": "Can add log entry", "content_type": 1, "codename": "add_logentry"}}, {"model": "auth.permission", "pk": 2, "fields": {"name": "Can change log entry", "content_type": 1, "codename": "change_logentry"}}, {"model": "auth.permission", "pk": 3, "fields": {"name": "Can delete log entry", "content_type": 1, "codename": "delete_logentry"}}, {"model": "auth.permission", "pk": 4, "fields": {"name": "Can view log entry", "content_type": 1, "codename": "view_logentry"}}, {"model": "auth.permission", "pk": 5, "fields": {"name": "Can add permission", "content_type": 2, "codename": "add_permission"}}, {"model": "auth.permission", "pk": 6, "fields": {"name": "Can change permission", "content_type": 2, "codename": "change_permission"}}, {"model": "auth.permission", "pk": 7, "fields": {"name": "Can delete permission", "content_type": 2, "codename": "delete_permission"}}, {"model": "auth.permission", "pk": 8, "fields": {"name": "Can view permission", "content_type": 2, "codename": "view_permission"}}, {"model": "auth.permission", "pk": 9, "fields": {"name": "Can add group", "content_type": 3, "codename": "add_group"}}, {"model": "auth.permission", "pk": 10, "fields": {"name": "Can change group", "content_type": 3, "codename": "change_group"}}, {"model": "auth.permission", "pk": 11, "fields": {"name": "Can delete group", "content_type": 3, "codename": "delete_group"}}, {"model": "auth.permission", "pk": 12, "fields": {"name": "Can view group", "content_type": 3, "codename": "view_group"}}, {"model": "auth.permission", "pk": 13, "fields": {"name": "Can add user", "content_type": 4, "codename": "add_user"}}, {"model": "auth.permission", "pk": 14, "fields": {"name": "Can change user", "content_type": 4, "codename": "change_user"}}, {"model": "auth.permission", "pk": 15, "fields": {"name": "Can delete user", "content_type": 4, "codename": "delete_user"}}, {"model": "auth.permission", "pk": 16, "fields": {"name": "Can view user", "content_type": 4, "codename": "view_user"}}, {"model": "auth.permission", "pk": 17, "fields": {"name": "Can add content type", "content_type": 5, "codename": "add_contenttype"}}, {"model": "auth.permission", "pk": 18, "fields": {"name": "Can change content type", "content_type": 5, "codename": "change_contenttype"}}, {"model": "auth.permission", "pk": 19, "fields": {"name": "Can delete content type", "content_type": 5, "codename": "delete_contenttype"}}, {"model": "auth.permission", "pk": 20, "fields": {"name": "Can view content type", "content_type": 5, "codename": "view_contenttype"}}, {"model": "auth.permission", "pk": 21, "fields": {"name": "Can add session", "content_type": 6, "codename": "add_session"}}, {"model": "auth.permission", "pk": 22, "fields": {"name": "Can change session", "content_type": 6, "codename": "change_session"}}, {"model": "auth.permission", "pk": 23, "fields": {"name": "Can delete session", "content_type": 6, "codename": "delete_session"}}, {"model": "auth.permission", "pk": 24, "fields": {"name": "Can view session", "content_type": 6, "codename": "view_session"}}, {"model": "auth.permission", "pk": 25, "fields": {"name": "Can add социальная ссылка", "content_type": 7, "codename": "add_sociallink"}}, {"model": "auth.permission", "pk": 26, "fields": {"name": "Can change социальная ссылка", "content_type": 7, "codename": "change_sociallink"}}, {"model": "auth.permission", "pk": 27, "fields": {"name": "Can delete социальная ссылка", "content_type": 7, "codename": "delete_sociallink"}}, {"model": "auth.permission", "pk": 28, "fields": {"name": "Can view социальная ссылка", "content_type": 7, "codename": "view_sociallink"}}, {"model": "auth.permission", "pk": 29, "fields": {"name": "Can add проект", "content_type": 8, "codename": "add_project"}}, {"model": "auth.permission", "pk": 30, "fields": {"name": "Can change проект", "content_type": 8, "codename": "change_project"}}, {"model": "auth.permission", "pk": 31, "fields": {"name": "Can delete проект", "content_type": 8, "codename": "delete_project"}}, {"model": "auth.permission", "pk": 32, "fields": {"name": "Can view проект", "content_type": 8, "codename": "view_project"}}, {"model": "auth.permission", "pk": 33, "fields": {"name": "Can add участие в проекте", "content_type": 9, "codename": "add_projectmembership"}}, {"model": "auth.permission", "pk": 34, "fields": {"name": "Can change участие в проекте", "content_type": 9, "codename": "change_projectmembership"}}, {"model": "auth.permission", "pk": 35, "fields": {"name": "Can delete участие в проекте", "content_type": 9, "codename": "delete_projectmembership"}}, {"model": "auth.permission", "pk": 36, "fields": {"name": "Can view участие в проекте", "content_type": 9, "codename": "view_projectmembership"}}, {"model": "auth.permission", "pk": 37, "fields": {"name": "Can add задача", "content_type": 10, "codename": "add_task"}}, {"model": "auth.permission", "pk": 38, "fields": {"name": "Can change задача", "content_type": 10, "codename": "change_task"}}, {"model": "auth.permission", "pk": 39, "fields": {"name": "Can delete задача", "content_type": 10, "codename": "delete_task"}}, {"model": "auth.permission", "pk": 40, "fields": {"name": "Can view задача", "content_type": 10, "codename": "view_task"}}, {"model": "auth.permission", "pk": 41, "fields": {"name": "Can add комментарий к задаче", "content_type": 11, "codename": "add_taskcomment"}}, {"model": "auth.permission", "pk": 42, "fields": {"name": "Can change комментарий к задаче", "content_type": 11, "codename": "change_taskcomment"}}, {"model": "auth.permission", "pk": 43, "fields": {"name": "Can delete комментарий к задаче", "content_type": 11, "codename": "delete_taskcomment"}}, {"model": "auth.permission", "pk": 44, "fields": {"name": "Can view комментарий к задаче", "content_type": 11, "codename": "view_taskcomment"}}, {"model": "auth.permission", "pk": 45, "fields": {"name": "Can add медиа для задачи", "content_type": 12, "codename": "add_taskmedia"}}, {"model": "auth.permission", "pk": 46, "fields": {"name": "Can change медиа для задачи", "content_type": 12, "codename": "change_taskmedia"}}, {"model": "auth.permission", "pk": 47, "fields": {"name": "Can delete медиа для задачи", "content_type": 12, "codename": "delete_taskmedia"}}, {"model": "auth.permission", "pk": 48, "fields": {"name": "Can view медиа для задачи", "content_type": 12, "codename": "view_taskmedia"}}, {"model": "auth.permission", "pk": 49, "fields": {"name": "Can add профиль пользователя", "content_type": 13, "codename": "add_userprofile"}}, {"model": "auth.permission", "pk": 50, "fields": {"name": "Can change профиль пользователя", "content_type": 13, "codename": "change_userprofile"}}, {"model": "auth.permission", "pk": 51, "fields": {"name": "Can delete профиль пользователя", "content_type": 13, "codename": "delete_userprofile"}}, {"model": "auth.permission", "pk": 52, "fields": {"name": "Can view профиль пользователя", "content_type": 13, "codename": "view_userprofile"}}, {"model": "auth.permission", "pk": 53, "fields": {"name": "Can add профиль администратора", "content_type": 14, "codename": "add_adminprofileproxy"}}, {"model": "auth.permission", "pk": 54, "fields": {"name": "Can change профиль администратора", "content_type": 14, "codename": "change_adminprofileproxy"}}, {"model": "auth.permission", "pk": 55, "fields": {"name": "Can delete профиль администратора", "content_type": 14, "codename": "delete_adminprofileproxy"}}, {"model": "auth.permission", "pk": 56, "fields": {"name": "Can view профиль администратора", "content_type": 14, "codename": "view_adminprofileproxy"}}, {"model": "auth.user", "pk": 1, "fields": {"password": "hashed_password", "last_login": null, "is_superuser": false, "username": "john_doe", "first_name": "Джон", "last_name": "Доу", "email": "john.doe@example.com", "is_staff": false, "is_active": true, "date_joined": "2024-02-10T17:48:50.188Z", "groups": [], "user_permissions": []}}, {"model": "auth.user", "pk": 2, "fields": {"password": "hashed_password", "last_login": null, "is_superuser": false, "username": "anna_smith", "first_name": "Анна", "last_name": "Смит", "email": "anna.smith@example.com", "is_staff": false, "is_active": true, "date_joined": "2024-02-10T17:48:50.190Z", "groups": [], "user_permissions": []}}, {"model": "auth.user", "pk": 3, "fields": {"password": "hashed_password", "last_login": null, "is_superuser": false, "username": "alex_jones", "first_name": "Алекс", "last_name": "Джонс", "email": "alex.jones@example.com", "is_staff": false, "is_active": true, "date_joined": "2024-02-10T17:48:50.191Z", "groups": [], "user_permissions": []}}, {"model": "auth.user", "pk": 4, "fields": {"password": "hashed_password", "last_login": null, "is_superuser": false, "username": "olga_kuznetsova", "first_name": "Ольга", "last_name": "Кузнецова", "email": "olga.kuznetsova@example.com", "is_staff": false, "is_active": true, "date_joined": "2024-02-10T17:48:50.191Z", "groups": [], "user_permissions": []}}, {"model": "auth.user", "pk": 5, "fields": {"password": "hashed_password", "last_login": null, "is_superuser": false, "username": "peter_wilson", "first_name": "Питер", "last_name": "Уилсон", "email": "peter.wilson@example.com", "is_staff": false, "is_active": true, "date_joined": "2024-02-10T17:48:50.192Z", "groups": [], "user_permissions": []}}, {"model": "auth.user", "pk": 6, "fields": {"password": "hashed_password", "last_login": null, "is_superuser": false, "username": "natalia_ivanova", "first_name": "Наталья", "last_name": "Иванова", "email": "natalia.ivanova@example.com", "is_staff": false, "is_active": true, "date_joined": "2024-02-10T17:48:50.192Z", "groups": [], "user_permissions": []}}, {"model": "auth.user", "pk": 7, "fields": {"password": "hashed_password", "last_login": null, "is_superuser": false, "username": "michael_jackson", "first_name": "Майкл", "last_name": "Джексон", "email": "michael.jackson@example.com", "is_staff": false, "is_active": true, "date_joined": "2024-02-10T17:48:50.193Z", "groups": [], "user_permissions": []}}, {"model": "auth.user", "pk": 8, "fields": {"password": "hashed_password", "last_login": null, "is_superuser": false, "username": "kate_anderson", "first_name": "Кейт", "last_name": "Андерсон", "email": "kate.anderson@example.com", "is_staff": false, "is_active": true, "date_joined": "2024-02-10T17:48:50.193Z", "groups": [], "user_permissions": []}}, {"model": "auth.user", "pk": 9, "fields": {"password": "hashed_password", "last_login": null, "is_superuser": false, "username": "igor_petrov", "first_name": "Игорь", "last_name": "Петров", "email": "igor.petrov@example.com", "is_staff": false, "is_active": true, "date_joined": "2024-02-10T17:48:50.194Z", "groups": [], "user_permissions": []}}, {"model": "auth.user", "pk": 10, "fields": {"password": "hashed_password", "last_login": null, "is_superuser": false, "username": "maria_gonzalez", "first_name": "Мария", "last_name": "Гонсалес", "email": "maria.gonzalez@example.com", "is_staff": false, "is_active": true, "date_joined": "2024-02-10T17:48:50.194Z", "groups": [], "user_permissions": []}}, {"model": "auth.user", "pk": 11, "fields": {"password": "pbkdf2_sha256$720000$3AHY79hof09qPwwu2d083X$KawlCuVYGnh9Sj9zu1S8J9FThClhkuA0yF43iHqke2E=", "last_login": "2024-02-10T17:49:25.876Z", "is_superuser": true, "username": "admin", "first_name": "", "last_name": "", "email": "", "is_staff": true, "is_active": true, "date_joined": "2024-02-10T17:49:19.311Z", "groups": [], "user_permissions": []}}, {"model": "contenttypes.contenttype", "pk": 1, "fields": {"app_label": "admin", "model": "logentry"}}, {"model": "contenttypes.contenttype", "pk": 2, "fields": {"app_label": "auth", "model": "permission"}}, {"model": "contenttypes.contenttype", "pk": 3, "fields": {"app_label": "auth", "model": "group"}}, {"model": "contenttypes.contenttype", "pk": 4, "fields": {"app_label": "auth", "model": "user"}}, {"model": "contenttypes.contenttype", "pk": 5, "fields": {"app_label": "contenttypes", "model": "contenttype"}}, {"model": "contenttypes.contenttype", "pk": 6, "fields": {"app_label": "sessions", "model": "session"}}, {"model": "contenttypes.contenttype", "pk": 7, "fields": {"app_label": "core", "model": "sociallink"}}, {"model": "contenttypes.contenttype", "pk": 8, "fields": {"app_label": "core", "model": "project"}}, {"model": "contenttypes.contenttype", "pk": 9, "fields": {"app_label": "core", "model": "projectmembership"}}, {"model": "contenttypes.contenttype", "pk": 10, "fields": {"app_label": "core", "model": "task"}}, {"model": "contenttypes.contenttype", "pk": 11, "fields": {"app_label": "core", "model": "taskcomment"}}, {"model": "contenttypes.contenttype", "pk": 12, "fields": {"app_label": "core", "model": "taskmedia"}}, {"model": "contenttypes.contenttype", "pk": 13, "fields": {"app_label": "core", "model": "userprofile"}}, {"model": "contenttypes.contenttype", "pk": 14, "fields": {"app_label": "core", "model": "adminprofileproxy"}}, {"model": "sessions.session", "pk": "38jw01bholj1afe6fkavodn54fb3ded3", "fields": {"session_data": ".eJxVjMsOwiAURP-FtSG8KS7d9xvIhQtSNZCUdmX8d0vShe4mc87Mm3jYt-L3nla_ILkSzsnltwwQn6kOgg-o90Zjq9u6BDoUetJO54bpdTvdv4MCvRxr4XBS2UqHNjEpzQjSQsiIQrhokzZsCjqAkYqrFBXomNlBsxZGMSCfLwAGODw:1rYrTh:Fkf8qMWPz0zSjSAeeyIUU4GbmFfTAR0ky7eBHoSoD10", "expire_date": "2024-02-24T17:49:25.879Z"}}, {"model": "core.userprofile", "pk": 1, "fields": {"created_at": "2022-01-01T12:00:00Z", "updated_at": null, "user": 1, "bio": "Описание Джона Доу", "avatar": "", "phone_number": "+1234567890", "birthdate": "1990-01-15", "social_links": []}}, {"model": "core.userprofile", "pk": 2, "fields": {"created_at": "2022-01-01T12:00:00Z", "updated_at": null, "user": 2, "bio": "Описание Анны Смит", "avatar": "", "phone_number": "+0987654321", "birthdate": "1985-05-22", "social_links": []}}, {"model": "core.userprofile", "pk": 3, "fields": {"created_at": "2022-01-01T12:00:00Z", "updated_at": null, "user": 3, "bio": "Описание Алекса Джонса", "avatar": "", "phone_number": "+1122334455", "birthdate": "1988-11-03", "social_links": []}}, {"model": "core.userprofile", "pk": 4, "fields": {"created_at": "2022-01-01T12:00:00Z", "updated_at": null, "user": 4, "bio": "Описание Ольги Кузнецовой", "avatar": "", "phone_number": "+9876543210", "birthdate": "1992-07-18", "social_links": []}}, {"model": "core.userprofile", "pk": 5, "fields": {"created_at": "2022-01-01T12:00:00Z", "updated_at": null, "user": 5, "bio": "Описание Питера Уилсона", "avatar": "", "phone_number": "+7654321098", "birthdate": "1980-04-30", "social_links": []}}, {"model": "core.userprofile", "pk": 6, "fields": {"created_at": "2022-01-01T12:00:00Z", "updated_at": null, "user": 6, "bio": "Описание Натальи Ивановой", "avatar": "", "phone_number": "+6543210987", "birthdate": "1987-09-10", "social_links": []}}, {"model": "core.userprofile", "pk": 7, "fields": {"created_at": "2022-01-01T12:00:00Z", "updated_at": "2024-02-10T17:51:18.875Z", "user": 7, "bio": "Описание Майкла Джексона", "avatar": "avatars/7.jpg", "phone_number": "+9876543210", "birthdate": "1958-08-29", "social_links": []}}, {"model": "core.userprofile", "pk": 8, "fields": {"created_at": "2022-01-01T12:00:00Z", "updated_at": null, "user": 8, "bio": "Описание Кейт Андерсон", "avatar": "", "phone_number": "+1234567890", "birthdate": "1995-02-12", "social_links": []}}, {"model": "core.userprofile", "pk": 9, "fields": {"created_at": "2022-01-01T12:00:00Z", "updated_at": "2024-02-10T17:59:01.739Z", "user": 9, "bio": "Описание Игоря Петрова", "avatar": "", "phone_number": "+1122334455", "birthdate": "1983-06-25", "social_links": [4, 5, 6]}}, {"model": "core.userprofile", "pk": 10, "fields": {"created_at": "2022-01-01T12:00:00Z", "updated_at": "2024-02-10T17:52:59.573Z", "user": 10, "bio": "Описание Марии Гонсалес", "avatar": "avatars/1.png", "phone_number": "+0987654321", "birthdate": "1998-12-05", "social_links": []}}, {"model": "core.sociallink", "pk": 1, "fields": {"user_profile": 1, "platform_name": "Facebook", "link": "https://www.facebook.com/johndoe"}}, {"model": "core.sociallink", "pk": 2, "fields": {"user_profile": 2, "platform_name": "Twitter", "link": "https://twitter.com/annasmith"}}, {"model": "core.sociallink", "pk": 3, "fields": {"user_profile": 3, "platform_name": "LinkedIn", "link": "https://www.linkedin.com/in/alexjones"}}, {"model": "core.sociallink", "pk": 4, "fields": {"user_profile": 4, "platform_name": "Instagram", "link": "https://www.instagram.com/olgakuz"}}, {"model": "core.sociallink", "pk": 5, "fields": {"user_profile": 5, "platform_name": "GitHub", "link": "https://github.com/peterwilson"}}, {"model": "core.sociallink", "pk": 6, "fields": {"user_profile": 6, "platform_name": "YouTube", "link": "https://www.youtube.com/nataliavlogs"}}, {"model": "core.sociallink", "pk": 7, "fields": {"user_profile": 7, "platform_name": "SoundCloud", "link": "https://soundcloud.com/michaeljackson"}}, {"model": "core.sociallink", "pk": 8, "fields": {"user_profile": 8, "platform_name": "Pinterest", "link": "https://www.pinterest.com/kateanderson"}}, {"model": "core.sociallink", "pk": 9, "fields": {"user_profile": 9, "platform_name": "Skype", "link": "skype:igor_petrov"}}, {"model": "core.sociallink", "pk": 10, "fields": {"user_profile": 10, "platform_name": "Snapchat", "link": "https://www.snapchat.com/add/mariagon"}}, {"model": "core.project", "pk": 1, "fields": {"created_at": "2022-01-01T12:00:00Z", "updated_at": "2022-01-01T12:00:00Z", "name": "Проект 1", "description": "Описание проекта 1", "creator": 1, "image": ""}}, {"model": "core.project", "pk": 2, "fields": {"created_at": "2022-02-01T12:00:00Z", "updated_at": "2022-02-01T12:00:00Z", "name": "Проект 2", "description": "Описание проекта 2", "creator": 2, "image": ""}}, {"model": "core.project", "pk": 3, "fields": {"created_at": "2022-03-01T12:00:00Z", "updated_at": "2022-03-01T12:00:00Z", "name": "Проект 3", "description": "Описание проекта 3", "creator": 3, "image": ""}}, {"model": "core.project", "pk": 4, "fields": {"created_at": "2022-04-01T12:00:00Z", "updated_at": "2022-04-01T12:00:00Z", "name": "Проект 4", "description": "Описание проекта 4", "creator": 4, "image": ""}}, {"model": "core.project", "pk": 5, "fields": {"created_at": "2022-05-01T12:00:00Z", "updated_at": "2022-05-01T12:00:00Z", "name": "Проект 5", "description": "Описание проекта 5", "creator": 5, "image": ""}}, {"model": "core.project", "pk": 6, "fields": {"created_at": "2022-06-01T12:00:00Z", "updated_at": "2022-06-01T12:00:00Z", "name": "Проект 6", "description": "Описание проекта 6", "creator": 6, "image": ""}}, {"model": "core.project", "pk": 7, "fields": {"created_at": "2022-07-01T12:00:00Z", "updated_at": "2022-07-01T12:00:00Z", "name": "Проект 7", "description": "Описание проекта 7", "creator": 7, "image": ""}}, {"model": "core.project", "pk": 8, "fields": {"created_at": "2022-08-01T12:00:00Z", "updated_at": "2022-08-01T12:00:00Z", "name": "Проект 8", "description": "Описание проекта 8", "creator": 8, "image": ""}}, {"model": "core.project", "pk": 9, "fields": {"created_at": "2022-09-01T12:00:00Z", "updated_at": "2022-09-01T12:00:00Z", "name": "Проект 9", "description": "Описание проекта 9", "creator": 9, "image": ""}}, {"model": "core.project", "pk": 10, "fields": {"created_at": "2022-10-01T12:00:00Z", "updated_at": "2022-10-01T12:00:00Z", "name": "Проект 10", "description": "Описание проекта 10", "creator": 10, "image": ""}}]