[{"model": "admin.logentry", "pk": 1, "fields": {"action_time": "2024-02-10T21:53:19.136Z", "user": 11, "content_type": 13, "object_id": "3", "object_repr": "Алекс Джонс", "action_flag": 2, "change_message": "[{\"changed\": {\"fields\": [\"\\u0410\\u0432\\u0430\\u0442\\u0430\\u0440\"]}}]"}}, {"model": "admin.logentry", "pk": 2, "fields": {"action_time": "2024-02-10T21:53:36.543Z", "user": 11, "content_type": 13, "object_id": "3", "object_repr": "Алекс Джонс", "action_flag": 2, "change_message": "[{\"changed\": {\"fields\": [\"\\u0410\\u0432\\u0430\\u0442\\u0430\\u0440\"]}}]"}}, {"model": "admin.logentry", "pk": 3, "fields": {"action_time": "2024-02-10T21:53:41.537Z", "user": 11, "content_type": 13, "object_id": "2", "object_repr": "Анна Смит", "action_flag": 2, "change_message": "[{\"changed\": {\"fields\": [\"\\u0410\\u0432\\u0430\\u0442\\u0430\\u0440\"]}}]"}}, {"model": "admin.logentry", "pk": 4, "fields": {"action_time": "2024-02-10T21:53:47.119Z", "user": 11, "content_type": 13, "object_id": "1", "object_repr": "Джон Доу", "action_flag": 2, "change_message": "[{\"changed\": {\"fields\": [\"\\u0410\\u0432\\u0430\\u0442\\u0430\\u0440\"]}}]"}}, {"model": "admin.logentry", "pk": 5, "fields": {"action_time": "2024-02-10T21:53:51.609Z", "user": 11, "content_type": 13, "object_id": "9", "object_repr": "Игорь Петров", "action_flag": 2, "change_message": "[{\"changed\": {\"fields\": [\"\\u0410\\u0432\\u0430\\u0442\\u0430\\u0440\"]}}]"}}, {"model": "admin.logentry", "pk": 6, "fields": {"action_time": "2024-02-10T21:53:58.205Z", "user": 11, "content_type": 13, "object_id": "7", "object_repr": "Майкл Джексон", "action_flag": 2, "change_message": "[{\"changed\": {\"fields\": [\"\\u0410\\u0432\\u0430\\u0442\\u0430\\u0440\"]}}]"}}, {"model": "admin.logentry", "pk": 7, "fields": {"action_time": "2024-02-10T21:54:04.757Z", "user": 11, "content_type": 13, "object_id": "10", "object_repr": "Мария Гонсалес", "action_flag": 2, "change_message": "[{\"changed\": {\"fields\": [\"\\u0410\\u0432\\u0430\\u0442\\u0430\\u0440\"]}}]"}}, {"model": "admin.logentry", "pk": 8, "fields": {"action_time": "2024-02-10T21:54:10.682Z", "user": 11, "content_type": 13, "object_id": "6", "object_repr": "Наталья Иванова", "action_flag": 2, "change_message": "[{\"changed\": {\"fields\": [\"\\u0410\\u0432\\u0430\\u0442\\u0430\\u0440\"]}}]"}}, {"model": "admin.logentry", "pk": 9, "fields": {"action_time": "2024-02-10T21:54:20.111Z", "user": 11, "content_type": 13, "object_id": "5", "object_repr": "Питер Уилсон", "action_flag": 2, "change_message": "[{\"changed\": {\"fields\": [\"\\u0410\\u0432\\u0430\\u0442\\u0430\\u0440\"]}}]"}}, {"model": "admin.logentry", "pk": 10, "fields": {"action_time": "2024-02-10T21:54:26.318Z", "user": 11, "content_type": 13, "object_id": "4", "object_repr": "Ольга Кузнецова", "action_flag": 2, "change_message": "[{\"changed\": {\"fields\": [\"\\u0410\\u0432\\u0430\\u0442\\u0430\\u0440\"]}}]"}}, {"model": "admin.logentry", "pk": 11, "fields": {"action_time": "2024-02-10T21:54:35.769Z", "user": 11, "content_type": 13, "object_id": "11", "object_repr": " ", "action_flag": 1, "change_message": "[{\"added\": {}}]"}}, {"model": "admin.logentry", "pk": 12, "fields": {"action_time": "2024-02-10T21:54:48.060Z", "user": 11, "content_type": 13, "object_id": "8", "object_repr": "Кейт Андерсон", "action_flag": 2, "change_message": "[{\"changed\": {\"fields\": [\"\\u0410\\u0432\\u0430\\u0442\\u0430\\u0440\"]}}]"}}, {"model": "auth.permission", "pk": 1, "fields": {"name": "Can add log entry", "content_type": 1, "codename": "add_logentry"}}, {"model": "auth.permission", "pk": 2, "fields": {"name": "Can change log entry", "content_type": 1, "codename": "change_logentry"}}, {"model": "auth.permission", "pk": 3, "fields": {"name": "Can delete log entry", "content_type": 1, "codename": "delete_logentry"}}, {"model": "auth.permission", "pk": 4, "fields": {"name": "Can view log entry", "content_type": 1, "codename": "view_logentry"}}, {"model": "auth.permission", "pk": 5, "fields": {"name": "Can add permission", "content_type": 2, "codename": "add_permission"}}, {"model": "auth.permission", "pk": 6, "fields": {"name": "Can change permission", "content_type": 2, "codename": "change_permission"}}, {"model": "auth.permission", "pk": 7, "fields": {"name": "Can delete permission", "content_type": 2, "codename": "delete_permission"}}, {"model": "auth.permission", "pk": 8, "fields": {"name": "Can view permission", "content_type": 2, "codename": "view_permission"}}, {"model": "auth.permission", "pk": 9, "fields": {"name": "Can add group", "content_type": 3, "codename": "add_group"}}, {"model": "auth.permission", "pk": 10, "fields": {"name": "Can change group", "content_type": 3, "codename": "change_group"}}, {"model": "auth.permission", "pk": 11, "fields": {"name": "Can delete group", "content_type": 3, "codename": "delete_group"}}, {"model": "auth.permission", "pk": 12, "fields": {"name": "Can view group", "content_type": 3, "codename": "view_group"}}, {"model": "auth.permission", "pk": 13, "fields": {"name": "Can add content type", "content_type": 4, "codename": "add_contenttype"}}, {"model": "auth.permission", "pk": 14, "fields": {"name": "Can change content type", "content_type": 4, "codename": "change_contenttype"}}, {"model": "auth.permission", "pk": 15, "fields": {"name": "Can delete content type", "content_type": 4, "codename": "delete_contenttype"}}, {"model": "auth.permission", "pk": 16, "fields": {"name": "Can view content type", "content_type": 4, "codename": "view_contenttype"}}, {"model": "auth.permission", "pk": 17, "fields": {"name": "Can add session", "content_type": 5, "codename": "add_session"}}, {"model": "auth.permission", "pk": 18, "fields": {"name": "Can change session", "content_type": 5, "codename": "change_session"}}, {"model": "auth.permission", "pk": 19, "fields": {"name": "Can delete session", "content_type": 5, "codename": "delete_session"}}, {"model": "auth.permission", "pk": 20, "fields": {"name": "Can view session", "content_type": 5, "codename": "view_session"}}, {"model": "auth.permission", "pk": 21, "fields": {"name": "Can add ссылка на социальную сеть", "content_type": 6, "codename": "add_sociallink"}}, {"model": "auth.permission", "pk": 22, "fields": {"name": "Can change ссылка на социальную сеть", "content_type": 6, "codename": "change_sociallink"}}, {"model": "auth.permission", "pk": 23, "fields": {"name": "Can delete ссылка на социальную сеть", "content_type": 6, "codename": "delete_sociallink"}}, {"model": "auth.permission", "pk": 24, "fields": {"name": "Can view ссылка на социальную сеть", "content_type": 6, "codename": "view_sociallink"}}, {"model": "auth.permission", "pk": 25, "fields": {"name": "Can add user", "content_type": 7, "codename": "add_customuser"}}, {"model": "auth.permission", "pk": 26, "fields": {"name": "Can change user", "content_type": 7, "codename": "change_customuser"}}, {"model": "auth.permission", "pk": 27, "fields": {"name": "Can delete user", "content_type": 7, "codename": "delete_customuser"}}, {"model": "auth.permission", "pk": 28, "fields": {"name": "Can view user", "content_type": 7, "codename": "view_customuser"}}, {"model": "auth.permission", "pk": 29, "fields": {"name": "Can add проект", "content_type": 8, "codename": "add_project"}}, {"model": "auth.permission", "pk": 30, "fields": {"name": "Can change проект", "content_type": 8, "codename": "change_project"}}, {"model": "auth.permission", "pk": 31, "fields": {"name": "Can delete проект", "content_type": 8, "codename": "delete_project"}}, {"model": "auth.permission", "pk": 32, "fields": {"name": "Can view проект", "content_type": 8, "codename": "view_project"}}, {"model": "auth.permission", "pk": 33, "fields": {"name": "Can add участие в проекте", "content_type": 9, "codename": "add_projectmembership"}}, {"model": "auth.permission", "pk": 34, "fields": {"name": "Can change участие в проекте", "content_type": 9, "codename": "change_projectmembership"}}, {"model": "auth.permission", "pk": 35, "fields": {"name": "Can delete участие в проекте", "content_type": 9, "codename": "delete_projectmembership"}}, {"model": "auth.permission", "pk": 36, "fields": {"name": "Can view участие в проекте", "content_type": 9, "codename": "view_projectmembership"}}, {"model": "auth.permission", "pk": 37, "fields": {"name": "Can add задача", "content_type": 10, "codename": "add_task"}}, {"model": "auth.permission", "pk": 38, "fields": {"name": "Can change задача", "content_type": 10, "codename": "change_task"}}, {"model": "auth.permission", "pk": 39, "fields": {"name": "Can delete задача", "content_type": 10, "codename": "delete_task"}}, {"model": "auth.permission", "pk": 40, "fields": {"name": "Can view задача", "content_type": 10, "codename": "view_task"}}, {"model": "auth.permission", "pk": 41, "fields": {"name": "Can add комментарий к задаче", "content_type": 11, "codename": "add_taskcomment"}}, {"model": "auth.permission", "pk": 42, "fields": {"name": "Can change комментарий к задаче", "content_type": 11, "codename": "change_taskcomment"}}, {"model": "auth.permission", "pk": 43, "fields": {"name": "Can delete комментарий к задаче", "content_type": 11, "codename": "delete_taskcomment"}}, {"model": "auth.permission", "pk": 44, "fields": {"name": "Can view комментарий к задаче", "content_type": 11, "codename": "view_taskcomment"}}, {"model": "auth.permission", "pk": 45, "fields": {"name": "Can add медиа для задачи", "content_type": 12, "codename": "add_taskmedia"}}, {"model": "auth.permission", "pk": 46, "fields": {"name": "Can change медиа для задачи", "content_type": 12, "codename": "change_taskmedia"}}, {"model": "auth.permission", "pk": 47, "fields": {"name": "Can delete медиа для задачи", "content_type": 12, "codename": "delete_taskmedia"}}, {"model": "auth.permission", "pk": 48, "fields": {"name": "Can view медиа для задачи", "content_type": 12, "codename": "view_taskmedia"}}, {"model": "auth.permission", "pk": 49, "fields": {"name": "Can add профиль пользователя", "content_type": 13, "codename": "add_userprofile"}}, {"model": "auth.permission", "pk": 50, "fields": {"name": "Can change профиль пользователя", "content_type": 13, "codename": "change_userprofile"}}, {"model": "auth.permission", "pk": 51, "fields": {"name": "Can delete профиль пользователя", "content_type": 13, "codename": "delete_userprofile"}}, {"model": "auth.permission", "pk": 52, "fields": {"name": "Can view профиль пользователя", "content_type": 13, "codename": "view_userprofile"}}, {"model": "auth.permission", "pk": 53, "fields": {"name": "Can add профиль администратора", "content_type": 14, "codename": "add_adminprofileproxy"}}, {"model": "auth.permission", "pk": 54, "fields": {"name": "Can change профиль администратора", "content_type": 14, "codename": "change_adminprofileproxy"}}, {"model": "auth.permission", "pk": 55, "fields": {"name": "Can delete профиль администратора", "content_type": 14, "codename": "delete_adminprofileproxy"}}, {"model": "auth.permission", "pk": 56, "fields": {"name": "Can view профиль администратора", "content_type": 14, "codename": "view_adminprofileproxy"}}, {"model": "contenttypes.contenttype", "pk": 1, "fields": {"app_label": "admin", "model": "logentry"}}, {"model": "contenttypes.contenttype", "pk": 2, "fields": {"app_label": "auth", "model": "permission"}}, {"model": "contenttypes.contenttype", "pk": 3, "fields": {"app_label": "auth", "model": "group"}}, {"model": "contenttypes.contenttype", "pk": 4, "fields": {"app_label": "contenttypes", "model": "contenttype"}}, {"model": "contenttypes.contenttype", "pk": 5, "fields": {"app_label": "sessions", "model": "session"}}, {"model": "contenttypes.contenttype", "pk": 6, "fields": {"app_label": "core", "model": "sociallink"}}, {"model": "contenttypes.contenttype", "pk": 7, "fields": {"app_label": "core", "model": "customuser"}}, {"model": "contenttypes.contenttype", "pk": 8, "fields": {"app_label": "core", "model": "project"}}, {"model": "contenttypes.contenttype", "pk": 9, "fields": {"app_label": "core", "model": "projectmembership"}}, {"model": "contenttypes.contenttype", "pk": 10, "fields": {"app_label": "core", "model": "task"}}, {"model": "contenttypes.contenttype", "pk": 11, "fields": {"app_label": "core", "model": "taskcomment"}}, {"model": "contenttypes.contenttype", "pk": 12, "fields": {"app_label": "core", "model": "taskmedia"}}, {"model": "contenttypes.contenttype", "pk": 13, "fields": {"app_label": "core", "model": "userprofile"}}, {"model": "contenttypes.contenttype", "pk": 14, "fields": {"app_label": "core", "model": "adminprofileproxy"}}, {"model": "sessions.session", "pk": "odkm0daiihgg7vk9po2epltf64fg3xnq", "fields": {"session_data": ".eJxVjMsOwiAQRf-FtSGDvMSl-35DMzOAVA0kpV0Z_92QdKHbe865bzHjvpV572mdlyiuQilx-h0J-ZnqIPGB9d4kt7qtC8mhyIN2ObWYXrfD_Tso2MuoLyGRthxBByBwLnswWhGa7DiAy8QarMWzQqU15ZDRISjvLXn22YjPFwLYN_E:1rYv7h:P4nmVZW1-Z9ZSz8697BfjHUL7JLkL30tAqEFhuhYflE", "expire_date": "2024-02-24T21:42:57.577Z"}}, {"model": "core.customuser", "pk": 1, "fields": {"password": "hashed_password", "last_login": null, "is_superuser": false, "username": "john_doe", "first_name": "Джон", "last_name": "Доу", "email": "john.doe@example.com", "is_staff": false, "is_active": true, "date_joined": "2024-02-10T21:42:27.129Z", "groups": [], "user_permissions": []}}, {"model": "core.customuser", "pk": 2, "fields": {"password": "hashed_password", "last_login": null, "is_superuser": false, "username": "anna_smith", "first_name": "Анна", "last_name": "Смит", "email": "anna.smith@example.com", "is_staff": false, "is_active": true, "date_joined": "2024-02-10T21:42:27.130Z", "groups": [], "user_permissions": []}}, {"model": "core.customuser", "pk": 3, "fields": {"password": "hashed_password", "last_login": null, "is_superuser": false, "username": "alex_jones", "first_name": "Алекс", "last_name": "Джонс", "email": "alex.jones@example.com", "is_staff": false, "is_active": true, "date_joined": "2024-02-10T21:42:27.130Z", "groups": [], "user_permissions": []}}, {"model": "core.customuser", "pk": 4, "fields": {"password": "hashed_password", "last_login": null, "is_superuser": false, "username": "olga_kuznetsova", "first_name": "Ольга", "last_name": "Кузнецова", "email": "olga.kuznetsova@example.com", "is_staff": false, "is_active": true, "date_joined": "2024-02-10T21:42:27.131Z", "groups": [], "user_permissions": []}}, {"model": "core.customuser", "pk": 5, "fields": {"password": "hashed_password", "last_login": null, "is_superuser": false, "username": "peter_wilson", "first_name": "Питер", "last_name": "Уилсон", "email": "peter.wilson@example.com", "is_staff": false, "is_active": true, "date_joined": "2024-02-10T21:42:27.131Z", "groups": [], "user_permissions": []}}, {"model": "core.customuser", "pk": 6, "fields": {"password": "hashed_password", "last_login": null, "is_superuser": false, "username": "natalia_ivanova", "first_name": "Наталья", "last_name": "Иванова", "email": "natalia.ivanova@example.com", "is_staff": false, "is_active": true, "date_joined": "2024-02-10T21:42:27.132Z", "groups": [], "user_permissions": []}}, {"model": "core.customuser", "pk": 7, "fields": {"password": "hashed_password", "last_login": null, "is_superuser": false, "username": "michael_jackson", "first_name": "Майкл", "last_name": "Джексон", "email": "michael.jackson@example.com", "is_staff": false, "is_active": true, "date_joined": "2024-02-10T21:42:27.132Z", "groups": [], "user_permissions": []}}, {"model": "core.customuser", "pk": 8, "fields": {"password": "hashed_password", "last_login": null, "is_superuser": false, "username": "kate_anderson", "first_name": "Кейт", "last_name": "Андерсон", "email": "kate.anderson@example.com", "is_staff": false, "is_active": true, "date_joined": "2024-02-10T21:42:27.133Z", "groups": [], "user_permissions": []}}, {"model": "core.customuser", "pk": 9, "fields": {"password": "hashed_password", "last_login": null, "is_superuser": false, "username": "igor_petrov", "first_name": "Игорь", "last_name": "Петров", "email": "igor.petrov@example.com", "is_staff": false, "is_active": true, "date_joined": "2024-02-10T21:42:27.133Z", "groups": [], "user_permissions": []}}, {"model": "core.customuser", "pk": 10, "fields": {"password": "hashed_password", "last_login": null, "is_superuser": false, "username": "maria_gonzalez", "first_name": "Мария", "last_name": "Гонсалес", "email": "maria.gonzalez@example.com", "is_staff": false, "is_active": true, "date_joined": "2024-02-10T21:42:27.134Z", "groups": [], "user_permissions": []}}, {"model": "core.customuser", "pk": 11, "fields": {"password": "pbkdf2_sha256$720000$tPCZgHbCcKL2P7snOqjadO$i2HEiMTIBAUnhDkEgpsaE+PbpEgzbU3tGk2hdqgJe7w=", "last_login": "2024-02-10T21:42:57.574Z", "is_superuser": true, "username": "admin", "first_name": "", "last_name": "", "email": "", "is_staff": true, "is_active": true, "date_joined": "2024-02-10T21:42:49.137Z", "groups": [], "user_permissions": []}}, {"model": "core.userprofile", "pk": 1, "fields": {"created_at": "2022-01-01T12:00:00Z", "updated_at": "2024-02-10T21:53:47.117Z", "user": 1, "bio": "Описание Джона Доу", "avatar": "avatars/3.jpg", "phone_number": "+1234567890", "birthdate": "1990-01-15", "social_links": []}}, {"model": "core.userprofile", "pk": 2, "fields": {"created_at": "2022-01-01T12:00:00Z", "updated_at": "2024-02-10T21:53:41.535Z", "user": 2, "bio": "Описание Анны Смит", "avatar": "avatars/2.png", "phone_number": "+0987654321", "birthdate": "1985-05-22", "social_links": []}}, {"model": "core.userprofile", "pk": 3, "fields": {"created_at": "2022-01-01T12:00:00Z", "updated_at": "2024-02-10T21:53:36.541Z", "user": 3, "bio": "Описание Алекса Джонса", "avatar": "avatars/1.png", "phone_number": "+1122334455", "birthdate": "1988-11-03", "social_links": []}}, {"model": "core.userprofile", "pk": 4, "fields": {"created_at": "2022-01-01T12:00:00Z", "updated_at": "2024-02-10T21:54:26.316Z", "user": 4, "bio": "Описание Ольги Кузнецовой", "avatar": "avatars/3_J5oVvfs.jpg", "phone_number": "+9876543210", "birthdate": "1992-07-18", "social_links": []}}, {"model": "core.userprofile", "pk": 5, "fields": {"created_at": "2022-01-01T12:00:00Z", "updated_at": "2024-02-10T21:54:20.109Z", "user": 5, "bio": "Описание Питера Уилсона", "avatar": "avatars/7_OixN37R.jpg", "phone_number": "+7654321098", "birthdate": "1980-04-30", "social_links": []}}, {"model": "core.userprofile", "pk": 6, "fields": {"created_at": "2022-01-01T12:00:00Z", "updated_at": "2024-02-10T21:54:10.680Z", "user": 6, "bio": "Описание Натальи Ивановой", "avatar": "avatars/7.jpg", "phone_number": "+6543210987", "birthdate": "1987-09-10", "social_links": []}}, {"model": "core.userprofile", "pk": 7, "fields": {"created_at": "2022-01-01T12:00:00Z", "updated_at": "2024-02-10T21:53:58.202Z", "user": 7, "bio": "Описание Майкла Джексона", "avatar": "avatars/4.png", "phone_number": "+9876543210", "birthdate": "1958-08-29", "social_links": []}}, {"model": "core.userprofile", "pk": 8, "fields": {"created_at": "2022-01-01T12:00:00Z", "updated_at": "2024-02-10T21:54:48.058Z", "user": 8, "bio": "Описание Кейт Андерсон", "avatar": "avatars/1_KC9vCqs.png", "phone_number": "+1234567890", "birthdate": "1995-02-12", "social_links": []}}, {"model": "core.userprofile", "pk": 9, "fields": {"created_at": "2022-01-01T12:00:00Z", "updated_at": "2024-02-10T21:53:51.608Z", "user": 9, "bio": "Описание Игоря Петрова", "avatar": "avatars/5.jpg", "phone_number": "+1122334455", "birthdate": "1983-06-25", "social_links": []}}, {"model": "core.userprofile", "pk": 10, "fields": {"created_at": "2022-01-01T12:00:00Z", "updated_at": "2024-02-10T21:54:04.755Z", "user": 10, "bio": "Описание Марии Гонсалес", "avatar": "avatars/6.jpg", "phone_number": "+0987654321", "birthdate": "1998-12-05", "social_links": []}}, {"model": "core.userprofile", "pk": 11, "fields": {"created_at": "2024-02-10T21:54:35.767Z", "updated_at": "2024-02-10T21:54:35.767Z", "user": 11, "bio": "", "avatar": "avatars/7_ChjBpz5.jpg", "phone_number": "", "birthdate": null, "social_links": []}}, {"model": "core.sociallink", "pk": 1, "fields": {"user_profile": 1, "platform_name": "Facebook", "link": "https://www.facebook.com/johndoe"}}, {"model": "core.sociallink", "pk": 2, "fields": {"user_profile": 2, "platform_name": "Twitter", "link": "https://twitter.com/annasmith"}}, {"model": "core.sociallink", "pk": 3, "fields": {"user_profile": 3, "platform_name": "LinkedIn", "link": "https://www.linkedin.com/in/alexjones"}}, {"model": "core.sociallink", "pk": 4, "fields": {"user_profile": 4, "platform_name": "Instagram", "link": "https://www.instagram.com/olgakuz"}}, {"model": "core.sociallink", "pk": 5, "fields": {"user_profile": 5, "platform_name": "GitHub", "link": "https://github.com/peterwilson"}}, {"model": "core.sociallink", "pk": 6, "fields": {"user_profile": 6, "platform_name": "YouTube", "link": "https://www.youtube.com/nataliavlogs"}}, {"model": "core.sociallink", "pk": 7, "fields": {"user_profile": 7, "platform_name": "SoundCloud", "link": "https://soundcloud.com/michaeljackson"}}, {"model": "core.sociallink", "pk": 8, "fields": {"user_profile": 8, "platform_name": "Pinterest", "link": "https://www.pinterest.com/kateanderson"}}, {"model": "core.sociallink", "pk": 9, "fields": {"user_profile": 9, "platform_name": "Skype", "link": "https://www.skype.com/en/"}}, {"model": "core.sociallink", "pk": 10, "fields": {"user_profile": 10, "platform_name": "Snapchat", "link": "https://www.snapchat.com/add/mariagon"}}, {"model": "core.project", "pk": 1, "fields": {"created_at": "2022-01-01T12:00:00Z", "updated_at": "2022-01-01T12:00:00Z", "name": "Проект 1", "description": "Описание проекта 1", "creator": 1, "image": ""}}, {"model": "core.project", "pk": 2, "fields": {"created_at": "2022-02-01T12:00:00Z", "updated_at": "2022-02-01T12:00:00Z", "name": "Проект 2", "description": "Описание проекта 2", "creator": 2, "image": ""}}, {"model": "core.project", "pk": 3, "fields": {"created_at": "2022-03-01T12:00:00Z", "updated_at": "2022-03-01T12:00:00Z", "name": "Проект 3", "description": "Описание проекта 3", "creator": 3, "image": ""}}, {"model": "core.project", "pk": 4, "fields": {"created_at": "2022-04-01T12:00:00Z", "updated_at": "2022-04-01T12:00:00Z", "name": "Проект 4", "description": "Описание проекта 4", "creator": 4, "image": ""}}, {"model": "core.project", "pk": 5, "fields": {"created_at": "2022-05-01T12:00:00Z", "updated_at": "2022-05-01T12:00:00Z", "name": "Проект 5", "description": "Описание проекта 5", "creator": 5, "image": ""}}, {"model": "core.project", "pk": 6, "fields": {"created_at": "2022-06-01T12:00:00Z", "updated_at": "2022-06-01T12:00:00Z", "name": "Проект 6", "description": "Описание проекта 6", "creator": 6, "image": ""}}, {"model": "core.project", "pk": 7, "fields": {"created_at": "2022-07-01T12:00:00Z", "updated_at": "2022-07-01T12:00:00Z", "name": "Проект 7", "description": "Описание проекта 7", "creator": 7, "image": ""}}, {"model": "core.project", "pk": 8, "fields": {"created_at": "2022-08-01T12:00:00Z", "updated_at": "2022-08-01T12:00:00Z", "name": "Проект 8", "description": "Описание проекта 8", "creator": 8, "image": ""}}, {"model": "core.project", "pk": 9, "fields": {"created_at": "2022-09-01T12:00:00Z", "updated_at": "2022-09-01T12:00:00Z", "name": "Проект 9", "description": "Описание проекта 9", "creator": 9, "image": ""}}, {"model": "core.project", "pk": 10, "fields": {"created_at": "2022-10-01T12:00:00Z", "updated_at": "2022-10-01T12:00:00Z", "name": "Проект 10", "description": "Описание проекта 10", "creator": 10, "image": ""}}, {"model": "core.projectmembership", "pk": 1, "fields": {"created_at": "2022-02-10T12:00:00Z", "updated_at": null, "user": 1, "project": 1, "role": "manager"}}, {"model": "core.projectmembership", "pk": 2, "fields": {"created_at": "2022-02-11T14:30:00Z", "updated_at": null, "user": 2, "project": 1, "role": "developer"}}, {"model": "core.projectmembership", "pk": 3, "fields": {"created_at": "2022-02-12T10:45:00Z", "updated_at": null, "user": 3, "project": 2, "role": "developer"}}, {"model": "core.projectmembership", "pk": 4, "fields": {"created_at": "2022-02-13T08:15:00Z", "updated_at": null, "user": 4, "project": 2, "role": "manager"}}, {"model": "core.projectmembership", "pk": 5, "fields": {"created_at": "2022-02-14T16:20:00Z", "updated_at": null, "user": 5, "project": 3, "role": "developer"}}, {"model": "core.projectmembership", "pk": 6, "fields": {"created_at": "2022-02-15T09:10:00Z", "updated_at": null, "user": 6, "project": 3, "role": "manager"}}, {"model": "core.projectmembership", "pk": 7, "fields": {"created_at": "2022-02-16T11:25:00Z", "updated_at": null, "user": 7, "project": 4, "role": "developer"}}, {"model": "core.projectmembership", "pk": 8, "fields": {"created_at": "2022-02-17T13:40:00Z", "updated_at": null, "user": 8, "project": 4, "role": "manager"}}, {"model": "core.projectmembership", "pk": 9, "fields": {"created_at": "2022-02-18T15:55:00Z", "updated_at": null, "user": 9, "project": 5, "role": "developer"}}, {"model": "core.projectmembership", "pk": 10, "fields": {"created_at": "2022-02-19T17:30:00Z", "updated_at": null, "user": 10, "project": 5, "role": "manager"}}, {"model": "core.projectmembership", "pk": 11, "fields": {"created_at": "2022-02-20T19:20:00Z", "updated_at": null, "user": 1, "project": 6, "role": "developer"}}, {"model": "core.projectmembership", "pk": 12, "fields": {"created_at": "2022-02-21T20:45:00Z", "updated_at": null, "user": 2, "project": 6, "role": "manager"}}, {"model": "core.projectmembership", "pk": 13, "fields": {"created_at": "2022-02-22T22:10:00Z", "updated_at": null, "user": 3, "project": 7, "role": "developer"}}, {"model": "core.projectmembership", "pk": 14, "fields": {"created_at": "2022-02-23T23:40:00Z", "updated_at": null, "user": 4, "project": 7, "role": "manager"}}, {"model": "core.projectmembership", "pk": 15, "fields": {"created_at": "2022-02-24T01:15:00Z", "updated_at": null, "user": 5, "project": 8, "role": "developer"}}, {"model": "core.projectmembership", "pk": 16, "fields": {"created_at": "2022-02-25T02:30:00Z", "updated_at": null, "user": 6, "project": 8, "role": "manager"}}, {"model": "core.projectmembership", "pk": 17, "fields": {"created_at": "2022-02-26T03:45:00Z", "updated_at": null, "user": 7, "project": 9, "role": "developer"}}, {"model": "core.projectmembership", "pk": 18, "fields": {"created_at": "2022-02-27T05:00:00Z", "updated_at": null, "user": 8, "project": 9, "role": "manager"}}, {"model": "core.projectmembership", "pk": 19, "fields": {"created_at": "2022-02-28T06:15:00Z", "updated_at": null, "user": 9, "project": 10, "role": "developer"}}, {"model": "core.projectmembership", "pk": 20, "fields": {"created_at": "2022-02-28T07:30:00Z", "updated_at": null, "user": 10, "project": 10, "role": "manager"}}, {"model": "core.task", "pk": 1, "fields": {"created_at": "2022-02-28T08:45:00Z", "updated_at": null, "title": "Разработка функционала авторизации", "description": "Необходимо реализовать систему авторизации для пользователей.", "project": 1, "assigned_to": 1, "due_date": null, "priority": "", "status": "todo", "collaborators": []}}, {"model": "core.task", "pk": 2, "fields": {"created_at": "2022-03-01T10:15:00Z", "updated_at": null, "title": "Оптимизация базы данных", "description": "Произвести оптимизацию и улучшение производительности базы данных.", "project": 1, "assigned_to": 2, "due_date": null, "priority": "", "status": "in_progress", "collaborators": []}}, {"model": "core.task", "pk": 3, "fields": {"created_at": "2022-03-02T12:30:00Z", "updated_at": null, "title": "Интеграция платежной системы", "description": "Подключить платежную систему для обработки транзакций.", "project": 2, "assigned_to": 3, "due_date": null, "priority": "", "status": "done", "collaborators": []}}, {"model": "core.task", "pk": 4, "fields": {"created_at": "2022-03-03T14:45:00Z", "updated_at": null, "title": "Тестирование безопасности", "description": "Провести аудит безопасности приложения и устранить выявленные уязвимости.", "project": 2, "assigned_to": 4, "due_date": null, "priority": "", "status": "todo", "collaborators": []}}, {"model": "core.task", "pk": 5, "fields": {"created_at": "2022-03-04T16:20:00Z", "updated_at": null, "title": "Разработка мобильного приложения", "description": "Создать мобильное приложение для удобного доступа к сервису.", "project": 3, "assigned_to": 5, "due_date": null, "priority": "", "status": "in_progress", "collaborators": []}}, {"model": "core.task", "pk": 6, "fields": {"created_at": "2022-03-05T18:35:00Z", "updated_at": null, "title": "Дизайн интерфейса", "description": "Разработать красивый и интуитивно понятный дизайн интерфейса приложения.", "project": 3, "assigned_to": 6, "due_date": null, "priority": "", "status": "done", "collaborators": []}}, {"model": "core.task", "pk": 7, "fields": {"created_at": "2022-03-06T20:50:00Z", "updated_at": null, "title": "Обучение персонала", "description": "Провести обучение сотрудников новым функциям системы.", "project": 4, "assigned_to": 7, "due_date": null, "priority": "", "status": "todo", "collaborators": []}}, {"model": "core.task", "pk": 8, "fields": {"created_at": "2022-03-07T22:05:00Z", "updated_at": null, "title": "Анализ пользовательских отзывов", "description": "Проанализировать отзывы пользователей и внести необходимые изменения.", "project": 4, "assigned_to": 8, "due_date": null, "priority": "", "status": "in_progress", "collaborators": []}}, {"model": "core.task", "pk": 9, "fields": {"created_at": "2022-03-08T23:20:00Z", "updated_at": null, "title": "Разработка API", "description": "Создать API для взаимодействия с внешними сервисами.", "project": 5, "assigned_to": 9, "due_date": null, "priority": "", "status": "done", "collaborators": []}}, {"model": "core.task", "pk": 10, "fields": {"created_at": "2022-03-09T01:35:00Z", "updated_at": null, "title": "Оптимизация интерфейса администратора", "description": "Улучшить интерфейс администратора для удобного управления системой.", "project": 5, "assigned_to": 1, "due_date": null, "priority": "", "status": "todo", "collaborators": []}}, {"model": "core.task", "pk": 11, "fields": {"created_at": "2022-03-10T03:50:00Z", "updated_at": null, "title": "Тестирование совместимости", "description": "Проверить совместимость приложения с различными устройствами и браузерами.", "project": 6, "assigned_to": 2, "due_date": null, "priority": "", "status": "in_progress", "collaborators": []}}, {"model": "core.task", "pk": 12, "fields": {"created_at": "2022-03-11T06:05:00Z", "updated_at": null, "title": "Реализация системы уведомлений", "description": "Добавить систему уведомлений для пользователей.", "project": 6, "assigned_to": 3, "due_date": null, "priority": "", "status": "done", "collaborators": []}}, {"model": "core.task", "pk": 13, "fields": {"created_at": "2022-03-12T08:20:00Z", "updated_at": null, "title": "Оптимизация кода", "description": "Провести рефакторинг кода для повышения его читаемости и эффективности.", "project": 7, "assigned_to": 4, "due_date": null, "priority": "", "status": "todo", "collaborators": []}}, {"model": "core.task", "pk": 14, "fields": {"created_at": "2022-03-13T10:35:00Z", "updated_at": null, "title": "Интеграция аналитики", "description": "Подключить систему аналитики для отслеживания поведения пользователей.", "project": 7, "assigned_to": 5, "due_date": null, "priority": "", "status": "in_progress", "collaborators": []}}, {"model": "core.task", "pk": 15, "fields": {"created_at": "2022-03-14T12:50:00Z", "updated_at": null, "title": "Разработка модуля чата", "description": "Создать модуль чата для общения пользователей.", "project": 8, "assigned_to": 6, "due_date": null, "priority": "", "status": "done", "collaborators": []}}, {"model": "core.task", "pk": 16, "fields": {"created_at": "2022-03-15T15:05:00Z", "updated_at": null, "title": "Обновление документации", "description": "Обновить документацию с новыми функциями и изменениями.", "project": 8, "assigned_to": 7, "due_date": null, "priority": "", "status": "todo", "collaborators": []}}, {"model": "core.task", "pk": 17, "fields": {"created_at": "2022-03-16T17:20:00Z", "updated_at": null, "title": "Тестирование производительности", "description": "Провести тестирование производительности системы под нагрузкой.", "project": 9, "assigned_to": 8, "due_date": null, "priority": "", "status": "in_progress", "collaborators": []}}, {"model": "core.task", "pk": 18, "fields": {"created_at": "2022-03-17T19:35:00Z", "updated_at": null, "title": "Добавление нового функционала", "description": "Добавить новый функционал по запросам пользователей.", "project": 9, "assigned_to": 9, "due_date": null, "priority": "", "status": "done", "collaborators": []}}, {"model": "core.task", "pk": 19, "fields": {"created_at": "2022-03-18T21:50:00Z", "updated_at": null, "title": "Подготовка к релизу", "description": "Подготовить систему к релизу и провести финальное тестирование.", "project": 10, "assigned_to": 4, "due_date": null, "priority": "", "status": "todo", "collaborators": []}}, {"model": "core.task", "pk": 20, "fields": {"created_at": "2022-03-19T00:05:00Z", "updated_at": null, "title": "Запуск рекламной кампании", "description": "Запустить рекламную кампанию для привлечения новых пользователей.", "project": 10, "assigned_to": 3, "due_date": null, "priority": "", "status": "in_progress", "collaborators": []}}, {"model": "core.taskcomment", "pk": 1, "fields": {"created_at": "2022-03-20T08:45:00Z", "updated_at": null, "task": 1, "user": 1, "text": "Отличная задача! Буду рад помочь в ее выполнении.", "parent_comment": null}}, {"model": "core.taskcomment", "pk": 2, "fields": {"created_at": "2022-03-20T10:15:00Z", "updated_at": null, "task": 1, "user": 2, "text": "Согласен, давайте скоординируем наши усилия.", "parent_comment": 1}}, {"model": "core.taskcomment", "pk": 3, "fields": {"created_at": "2022-03-20T12:30:00Z", "updated_at": null, "task": 2, "user": 3, "text": "Какие конкретно задачи по оптимизации мы рассматриваем?", "parent_comment": null}}, {"model": "core.taskcomment", "pk": 4, "fields": {"created_at": "2022-03-20T14:45:00Z", "updated_at": null, "task": 2, "user": 4, "text": "Думаю, стоит начать с индексации таблиц и оптимизации запросов.", "parent_comment": 3}}, {"model": "core.taskcomment", "pk": 5, "fields": {"created_at": "2022-03-20T16:20:00Z", "updated_at": null, "task": 3, "user": 5, "text": "Какие платежные системы рассматриваем для интеграции?", "parent_comment": null}}, {"model": "core.taskcomment", "pk": 6, "fields": {"created_at": "2022-03-20T18:35:00Z", "updated_at": null, "task": 3, "user": 6, "text": "PayPal и Stripe, например, подходят под наши требования.", "parent_comment": 5}}, {"model": "core.taskcomment", "pk": 7, "fields": {"created_at": "2022-03-20T20:50:00Z", "updated_at": null, "task": 4, "user": 7, "text": "Я могу взяться за тестирование безопасности, если нужно.", "parent_comment": null}}, {"model": "core.taskcomment", "pk": 8, "fields": {"created_at": "2022-03-20T22:05:00Z", "updated_at": null, "task": 4, "user": 8, "text": "Отлично, будем ждать ваших результатов.", "parent_comment": null}}, {"model": "core.taskcomment", "pk": 9, "fields": {"created_at": "2022-03-21T23:20:00Z", "updated_at": null, "task": 5, "user": 9, "text": "Какие основные функции должны поддерживаться в мобильном приложении?", "parent_comment": null}}, {"model": "core.taskcomment", "pk": 10, "fields": {"created_at": "2022-03-21T01:35:00Z", "updated_at": null, "task": 5, "user": 10, "text": "Навигация, просмотр профиля и управление аккаунтом.", "parent_comment": null}}, {"model": "core.taskcomment", "pk": 11, "fields": {"created_at": "2022-03-21T03:50:00Z", "updated_at": null, "task": 6, "user": 1, "text": "Какие цветовые схемы предпочтительны для дизайна интерфейса?", "parent_comment": null}}, {"model": "core.taskcomment", "pk": 12, "fields": {"created_at": "2022-03-21T06:05:00Z", "updated_at": null, "task": 6, "user": 2, "text": "Светлые и приглушенные цвета будут лучше всего смотреться.", "parent_comment": null}}, {"model": "core.taskcomment", "pk": 13, "fields": {"created_at": "2022-03-21T08:20:00Z", "updated_at": null, "task": 7, "user": 3, "text": "Можете подготовить материалы для обучения персонала?", "parent_comment": null}}, {"model": "core.taskcomment", "pk": 14, "fields": {"created_at": "2022-03-21T10:35:00Z", "updated_at": null, "task": 7, "user": 4, "text": "Да, я готов начать подготовку презентации.", "parent_comment": null}}, {"model": "core.taskcomment", "pk": 15, "fields": {"created_at": "2022-03-21T12:50:00Z", "updated_at": null, "task": 8, "user": 5, "text": "Какие отзывы мы получили от пользователей после последнего обновления?", "parent_comment": null}}, {"model": "core.taskcomment", "pk": 16, "fields": {"created_at": "2022-03-21T15:05:00Z", "updated_at": null, "task": 8, "user": 6, "text": "Большинство положительные, но есть и предложения по улучшению.", "parent_comment": null}}, {"model": "core.taskcomment", "pk": 17, "fields": {"created_at": "2022-03-21T17:20:00Z", "updated_at": null, "task": 9, "user": 7, "text": "Могу помочь с разработкой новых функций.", "parent_comment": null}}, {"model": "core.taskcomment", "pk": 18, "fields": {"created_at": "2022-03-21T19:35:00Z", "updated_at": null, "task": 9, "user": 8, "text": "Отлично, давайте обсудим, какие функции нужны в первую очередь.", "parent_comment": null}}, {"model": "core.taskcomment", "pk": 19, "fields": {"created_at": "2022-03-21T21:50:00Z", "updated_at": null, "task": 10, "user": 9, "text": "Кто занимается тестированием новых функций?", "parent_comment": null}}, {"model": "core.taskcomment", "pk": 20, "fields": {"created_at": "2022-03-21T00:05:00Z", "updated_at": null, "task": 10, "user": 10, "text": "Мы назначили ответственных за каждую функцию, следим за процессом.", "parent_comment": null}}, {"model": "core.taskcomment", "pk": 21, "fields": {"created_at": "2022-03-22T02:20:00Z", "updated_at": null, "task": 11, "user": 1, "text": "Какие сроки у нас на интеграцию аналитики?", "parent_comment": null}}, {"model": "core.taskcomment", "pk": 22, "fields": {"created_at": "2022-03-22T04:35:00Z", "updated_at": null, "task": 11, "user": 2, "text": "Планируем завершить интеграцию через две недели.", "parent_comment": null}}, {"model": "core.taskcomment", "pk": 23, "fields": {"created_at": "2022-03-22T06:50:00Z", "updated_at": null, "task": 12, "user": 3, "text": "У нас есть баг в модуле чата, нужно срочно исправить.", "parent_comment": null}}, {"model": "core.taskcomment", "pk": 24, "fields": {"created_at": "2022-03-22T09:05:00Z", "updated_at": null, "task": 12, "user": 4, "text": "Разбираемся и работаем над исправлением.", "parent_comment": null}}, {"model": "core.taskcomment", "pk": 25, "fields": {"created_at": "2022-03-22T11:20:00Z", "updated_at": null, "task": 13, "user": 5, "text": "Какие изменения в документации нужно внести?", "parent_comment": null}}, {"model": "core.taskcomment", "pk": 26, "fields": {"created_at": "2022-03-22T13:35:00Z", "updated_at": null, "task": 13, "user": 6, "text": "Добавить описание новых функций и обновленные скриншоты.", "parent_comment": null}}, {"model": "core.taskcomment", "pk": 27, "fields": {"created_at": "2022-03-22T15:50:00Z", "updated_at": null, "task": 14, "user": 7, "text": "Какие результаты тестирования производительности у нас есть?", "parent_comment": null}}, {"model": "core.taskcomment", "pk": 28, "fields": {"created_at": "2022-03-22T18:05:00Z", "updated_at": null, "task": 14, "user": 8, "text": "Показатели улучшились после оптимизации запросов.", "parent_comment": null}}, {"model": "core.taskcomment", "pk": 29, "fields": {"created_at": "2022-03-22T20:20:00Z", "updated_at": null, "task": 15, "user": 9, "text": "Модуль чата успешно разработан и готов к внедрению.", "parent_comment": null}}, {"model": "core.taskcomment", "pk": 30, "fields": {"created_at": "2022-03-22T22:35:00Z", "updated_at": null, "task": 15, "user": 10, "text": "Отличная новость! Давайте планировать следующий этап работ.", "parent_comment": null}}]